,part_no,description_mar,on_hand_mar,total_cost_mar,excess_mar,excess_cost_mar,description_jun,on_hand_jun,total_cost_jun,excess_jun,excess_cost_jun,on_hand_change,total_cost_change,excess_change,excess_cost_change
0,H146017A-760,,,350.0,,,,,17864.3,,,0.0,17514.3,0.0,0.0
1,CT4010D/19,THERMOCOUPLE PROBE ASSEMBLY,1.0,526.24,1.0,563.65,,,546.21,,,-1.0,19.970000000000027,-1.0,-563.65
2,TA54090E/04,,,5610.0,,,,,2608.0,,,0.0,-3002.0,0.0,0.0
3,REPAIRS,,,40.0,,,,,125.0,,,0.0,85.0,0.0,0.0
5,SPIRIT OFFSHORE DAILY RATE,,,2995.14,,,,,0.0,,,0.0,-2995.14,0.0,0.0
6,EEG-INSP/QUOTE,,,40.58,,,,,0.0,,,0.0,-40.58,0.0,0.0
7,EEG-KIT,,,40339.87,,,,,0.0,,,0.0,-40339.87,0.0,0.0
10,KIT-RT33010,,,2763.21,,,,,,,,0.0,-2763.21,0.0,0.0
11,KIT-RT12000B,,,2989.75,,,,,4299.46,,,0.0,1309.71,0.0,0.0
13,TB14081C,INLET GUIDE VANE,76.0,2554.05,0.0,0.0,,,2554.05,,,-76.0,0.0,0.0,0.0
14,TB5400-GG,,,41949.77,,,,,0.0,,,0.0,-41949.77,0.0,0.0
16,RT13000E/02,,,2206.78,,,,,0.0,,,0.0,-2206.78,0.0,0.0
18,TB5000-GG,,,28746.84,,,,,0.0,,,0.0,-28746.84,0.0,0.0
19,246003-790,,,31.67,,,,,59316.93,,,0.0,59285.26,0.0,0.0
20,RT645-GG,,,29644.94,,,,,0.0,,,0.0,-29644.94,0.0,0.0
22,EEG-SERVICE,,,987.0,,,,,3600.0,,,0.0,2613.0,0.0,0.0
23,EEG-APM,,,38989.0,,,,,16240.42,,,0.0,-22748.58,0.0,0.0
30,H246051A,,,23.12,,,,,103.87,,,0.0,80.75,0.0,0.0
35,RT13001C/01,,,4091.3,,,,,0.0,,,0.0,-4091.3,0.0,0.0
36,KIT-RM12000,"KIT, INLET BEARING SARTORIOUS",6.0,5832.71,3.0,11530.118601,,,5832.71,,,-6.0,0.0,-3.0,-11530.118601
49,TB12016B,THRUST BEARING ASSEMBLY,10.0,3429.75,1.0,1727.851,,,3429.75,,,-10.0,0.0,-1.0,-1727.851
81,KIT-RT354016G,INTERDUCT & CTR COUPLING ASSY,7.0,0.0,1.0,17334.475357,,,0.0,,,-7.0,0.0,-1.0,-17334.475357
89,EEG-FREIGHT,,,500.0,,,,,551.42,,,0.0,51.41999999999996,0.0,0.0
90,KIT-RM14000,,,637.06,,,,,0.0,,,0.0,-637.06,0.0,0.0
91,246005-790,,,67174.36,,,,,66361.55,,,0.0,-812.8099999999977,0.0,0.0
92,EEG-REPAIRS,,,86.0,,,,,2115.29,,,0.0,2029.29,0.0,0.0
93,KIT-RM34001,,,3591.49,,,,,2978.32,,,0.0,-613.1699999999996,0.0,0.0
94,REPAIR,,,5735.4,,,,,0.0,,,0.0,-5735.4,0.0,0.0
100,KIT-TB21000,,,6260.74,,,,,,,,0.0,-6260.74,0.0,0.0
113,H246091A,,,7296.55,,,,,713.37,,,0.0,-6583.18,0.0,0.0
114,H246048A,,,11.37,,,,,103.87,,,0.0,92.5,0.0,0.0
117,RT34000D/06,,,5952.66,,,,,0.0,,,0.0,-5952.66,0.0,0.0
123,TB11081D/5,STAGE 3 COMP ROTOR BLADE,148.0,10712.18,0.0,0.0,,,10712.18,,,-148.0,0.0,0.0,0.0
127,RT100,,,2750.0,,,,,0.0,,,0.0,-2750.0,0.0,0.0
135,H146003A,STG 1 CT BLADE (Peened),502.0,0.0,15.0,8387.053425,STG 1 CT BLADE (Peened),502.0,0.0,14.0,7827.91653,0.0,0.0,-1.0,-559.1368949999996
146,H146034B,"BLADE, COMP ROTOR RT 9",13.0,0.0,0.0,0.0,"BLADE, COMP ROTOR RT 9",10.0,0.0,0.0,0.0,-3.0,0.0,0.0,0.0
150,H146017A-761,,,350.0,,,,,2676.55,,,0.0,2326.55,0.0,0.0
151,TB35611C,,,27342.63,,,,,0.0,,,0.0,-27342.63,0.0,0.0
152,KIT-RT34039C,,,1533.19,,,,,3413.72,,,0.0,1880.5299999999997,0.0,0.0
153,KIT-RM13000,,,3203.42,,,,,1141.7,,,0.0,-2061.7200000000003,0.0,0.0
167,H246045A,,,11.37,,,,,103.87,,,0.0,92.5,0.0,0.0
174,E247091A-1A,THERMOCOUPLE ASSEMBLY COMBUSTION AIR INTAKE,17.0,2172.5,3.0,534.291177,,,2172.5,,,-17.0,0.0,-3.0,-534.291177
179,RM22130B/02,,,417.9,,,,,4226.0,,,0.0,3808.1,0.0,0.0
181,KIT-TB14120,,,2494.72,,,,,1400.25,,,0.0,-1094.4699999999998,0.0,0.0
205,KIT1-RM21100,,,0.0,,,,,17406.87,,,0.0,17406.87,0.0,0.0
208,RT22200S/01,,,0.0,,,,,8684.0,,,0.0,8684.0,0.0,0.0
210,H246059A,,,1179.12,,,,,362.37,,,0.0,-816.7499999999999,0.0,0.0
217,H246087A,,,6727.19,,,,,,,,0.0,-6727.19,0.0,0.0
219,H246049A,,,11.37,,,,,103.87,,,0.0,92.5,0.0,0.0
241,KIT-TB14000,,,0.0,,,,,702.01,,,0.0,702.01,0.0,0.0
243,TB21014G,,,0.04,,,,,7216.04,,,0.0,7216.0,0.0,0.0
251,RT33010/06,STAGE 1 CT STATOR ASSEMBLY,1.0,40744.3,1.0,0.0,STAGE 1 CT STATOR ASSEMBLY,1.0,1652.3,1.0,0.0,0.0,-39092.0,0.0,0.0
257,H246086A,,,489.25,,,,,49.17,,,0.0,-440.08,0.0,0.0
258,H246085A,,,6727.19,,,,,599.97,,,0.0,-6127.219999999999,0.0,0.0
261,KIT-RM21100,KIT - DLE BURNER INSTALLATION,7.0,3511.4,3.0,10663.3194,KIT - DLE BURNER INSTALLATION,6.0,3511.4,2.0,7298.199534,-1.0,0.0,-1.0,-3365.119866
269,RM21035F,FLAME TUBES,16.0,0.0,0.0,0.0,,,0.0,,,-16.0,0.0,0.0,0.0
276,KIT-RT21200,,,10470.29,,,,,11481.84,,,0.0,1011.5499999999993,0.0,0.0
277,RT675-GG,,,37247.84,,,,,0.0,,,0.0,-37247.84,0.0,0.0
292,H146061A,"BLADE,COMP ROTOR RT UPRATE 3 L",19.0,197.6,14.0,2372.74947,"BLADE,COMP ROTOR RT UPRATE 3 L",15.0,197.6,6.0,1071.456,-4.0,0.0,-8.0,-1301.2934700000003
305,H146016A-761,,,350.0,,,,,2420.3,,,0.0,2070.3,0.0,0.0
336,H146016A-760,,,350.0,,,,,15143.36,,,0.0,14793.36,0.0,0.0
346,RT12000B/03,,,3439.28,,,,,0.0,,,0.0,-3439.28,0.0,0.0
373,TB3109,,,0.0,,,,,94160.76,,,0.0,94160.76,0.0,0.0
390,Fleet,,,2132571.319999999,,,,,2511027.059999999,,,0.0,378455.7400000002,0.0,0.0
391,Internal,,,5782705.880000001,,,,,7301176.069999999,,,0.0,1518470.1899999985,0.0,0.0
392,Customer,,,3747646.849999998,,,,,5620644.809999998,,,0.0,1872997.9599999995,0.0,0.0
393,Total WIP,,,11662924.05,,,,,15432847.94,,,0.0,3769923.8899999987,0.0,0.0
394,Total from Aged WIP report,,,11662924.05,,,,,15432847.94,,,0.0,3769923.8899999987,0.0,0.0
397,WIP Burden,,,86756.49,,,,,367532.65,,,0.0,280776.16000000003,0.0,0.0
398,Total per GL,,,11662924.05,,,,,15432847.94,,,0.0,3769923.8899999987,0.0,0.0
440,D247008A,3 Inch Dowty Seal,14.0,,4.0,20.885716,,,,,,-14.0,0.0,-4.0,-20.885716
458,TB14087,"BOLT, SPECIAL TB ONLY",19.0,,19.0,0.19,,,,,,-19.0,0.0,-19.0,-0.19
472,KIT1-TB03600,INLET VIBRATION PROBES KIT,5.0,,1.0,4495.037,,,,,,-5.0,0.0,-1.0,-4495.037
490,KIT5-TB10000,Top Half Lift Kit,6.0,,6.0,656.4,Top Half Lift Kit,5.0,,4.0,417.28,-1.0,0.0,-2.0,-239.12
542,021202,"CLIP,HOSE - 5/8 X 7/8 INS",38.0,,3.0,4.53,"CLIP,HOSE - 5/8 X 7/8 INS",37.0,,1.0,1.51,-1.0,0.0,-2.0,-3.0200000000000005
552,022911,BOLT - 3/8 UNF X 1.3/4,134.0,,27.0,26.73,BOLT - 3/8 UNF X 1.3/4,132.0,,23.0,22.77,-2.0,0.0,-4.0,-3.960000000000001
570,505019,TAPPED DOWEL - 1/2 O/D X 1.1/2,84.0,,2.0,22.04762,,,,,,-84.0,0.0,-2.0,-22.04762
581,014025,C/SUNK SCREW 2 BA X 7/16 IN,102.0,,24.0,29.162352,C/SUNK SCREW 2 BA X 7/16 IN,98.0,,16.0,19.320816,-4.0,0.0,-8.0,-9.841535999999998
595,CT190/29,TAPPED DOWEL - 5/16 NOM X 1 IN,42.0,,2.0,54.021904,,,,,,-42.0,0.0,-2.0,-54.021904
642,022541,STUD - 1/2 UNF X 1.3/8,52.0,,40.0,600.52308,STUD - 1/2 UNF X 1.3/8,40.0,,16.0,34.88,-12.0,0.0,-24.0,-565.64308
643,022554,STUD - 1/2 UNF X 3 IN,4.0,,4.0,0.04,STUD - 1/2 UNF X 3 IN,2.0,,2.0,0.02,-2.0,0.0,-2.0,-0.02
644,CT130A/6,TABWASHER 7/8 INS STAINLESS ST,141.0,,98.0,450.8,TABWASHER 7/8 INS STAINLESS ST,139.0,,94.0,432.4,-2.0,0.0,-4.0,-18.400000000000034
653,CT336D/21,O RING CORD 0.149/0.129 IN DIA,210.0,,9.0,99.390429,O RING CORD 0.149/0.129 IN DIA,208.0,,5.0,55.041345,-2.0,0.0,-4.0,-44.349084
655,042387,STUD - 5/16 UNF X 1.1/2,39.0,,4.0,71.317948,,,,,,-39.0,0.0,-4.0,-71.317948
694,041754,SCREW 1/2 IN UNF X 1 1/4 IN,79.0,,5.0,17.905695,SCREW 1/2 IN UNF X 1 1/4 IN,77.0,,1.0,3.673896,-2.0,0.0,-4.0,-14.231799000000002
702,CT775C/3,PLUG - 1.3/4 BSP (LONG),26.0,,8.0,1111.39692,PLUG - 1.3/4 BSP (LONG),26.0,,4.0,555.69846,0.0,0.0,-4.0,-555.69846
719,F145048A,STUD 3/8INS UNF X 1INS,46.0,,6.0,0.06,,,,,,-46.0,0.0,-6.0,-0.06
754,F145043A,"WASHER, SPRING DBL COIL 3/8INS",678.0,,483.0,48.3,"WASHER, SPRING DBL COIL 3/8INS",670.0,,467.0,46.7,-8.0,0.0,-16.0,-1.5999999999999943
759,C145104A,"COUPLING, STUD 3/8 X 3/8IN BSP",5.0,,3.0,0.03,,,,,,-5.0,0.0,-3.0,-0.03
774,F145066A,"NUT, 5/16 INS UNF",104.0,,1.0,0.01,,,,,,-104.0,0.0,-1.0,-0.01
775,F145082A,"NUT, NYLOC 3/8 INS UNF",160.0,,99.0,9.9,"NUT, NYLOC 3/8 INS UNF",157.0,,93.0,9.3,-3.0,0.0,-6.0,-0.5999999999999996
780,F245204A,"DOWEL, TAPERED GUIDE 1/2 X 2",149.0,,66.0,575.728164,"DOWEL, TAPERED GUIDE 1/2 X 2",147.0,,62.0,537.438754,-2.0,0.0,-4.0,-38.289409999999975
781,F245173A,STUD - 1/2 UNF X 1.1/2,261.0,,2.0,5.135632,,,,,,-261.0,0.0,-2.0,-5.135632
784,F245168A,STUD - 1/4 UNF X 3/4,111.0,,54.0,134.635122,STUD - 1/4 UNF X 3/4,107.0,,46.0,115.107456,-4.0,0.0,-8.0,-19.527665999999996
808,RM31015B,RM TENSION STUD LOCKNUT,13.0,,6.0,11232.996924,RM TENSION STUD LOCKNUT,12.0,,2.0,3563.431666,-1.0,0.0,-4.0,-7669.565257999999
811,RM33011R,RM DLE TRANSITION DUCT,24.0,,0.0,0.0,,,,,,-24.0,0.0,0.0,0.0
817,RM33369A,STRIP SEALING INNER  LP NOZZLE,127.0,,36.0,444.24,,,,,,-127.0,0.0,-36.0,-444.24
830,TB14005B/01,INLET CASING SHROUD ASSEMBLY,58.0,,33.0,34311.528108,INLET CASING SHROUD ASSEMBLY,58.0,,32.0,33271.784832,0.0,0.0,-1.0,-1039.743276000001
845,TB14074D/78D,DUST COVER AND LID ASSEMBLY,7.0,,3.0,2501.271429,DUST COVER AND LID ASSEMBLY,7.0,,2.0,1667.514286,0.0,0.0,-1.0,-833.7571429999998
857,TB07127,SPACER,21.0,,5.0,129.259525,SPACER,20.0,,3.0,77.991,-1.0,0.0,-2.0,-51.268525
861,509956,THRUST WASHER,16.0,,16.0,48.96,,,,,,-16.0,0.0,-16.0,-48.96
872,505573,STUD - 5/8 UNF X 2.3/8,49.0,,34.0,123.64899,STUD - 5/8 UNF X 2.3/8,48.0,,32.0,118.8,-1.0,0.0,-2.0,-4.848990000000001
882,CT3074A/1,BEARING BUSH - 3 LOBE,13.0,,7.0,4079.826156,BEARING BUSH - 3 LOBE,12.0,,5.0,2870.008335,-1.0,0.0,-2.0,-1209.817821
887,CT411/58,SPECIAL WASHER - 0.500 I/D,21.0,,1.0,58.065238,,,,,,-21.0,0.0,-1.0,-58.065238
896,TB07041,RING RETAINING,6.0,,6.0,573.199998,RING RETAINING,5.0,,4.0,429.72,-1.0,0.0,-2.0,-143.47999800000002
899,CT645A/36,DOWEL - 3/32 DIA X 23/32,238.0,,86.0,312.974984,,,,,,-238.0,0.0,-86.0,-312.974984
914,64/02001006/12,SEALING STRIP,207.0,,43.0,405.087004,SEALING STRIP,202.0,,37.0,353.796923,-5.0,0.0,-6.0,-51.29008099999999
940,CT937,LAMINATED SHIM,36.0,,16.0,389.68,LAMINATED SHIM,35.0,,14.0,350.707994,-1.0,0.0,-2.0,-38.97200600000002
943,TB07129,END COVER,6.0,,6.0,2005.870002,END COVER,5.0,,5.0,2005.86,-1.0,0.0,-1.0,-0.01000200000021323
956,TB14088A,MOUNTING BUSH,33.0,,7.0,579.222427,MOUNTING BUSH,32.0,,5.0,406.78125,-1.0,0.0,-2.0,-172.44117700000004
970,TB14023,CAPTIVE BOLT,182.0,,175.0,2521.153775,CAPTIVE BOLT,180.0,,171.0,2490.900057,-2.0,0.0,-4.0,-30.25371800000039
980,TB14114,LOCATING BUSH,299.0,,61.0,1133.99,,,,,,-299.0,0.0,-61.0,-1133.99
992,503803,SETSCREW - 1/4 UNF X 1/2,81.0,,69.0,116.61,SETSCREW - 1/4 UNF X 1/2,80.0,,67.0,113.23,-1.0,0.0,-2.0,-3.3799999999999955
1016,TB32616A/5,STOP PIN,55.0,,3.0,393.252546,,,,,,-55.0,0.0,-3.0,-393.252546
1041,TB34087,SEALING STRIP,8.0,,8.0,183.28,SEALING STRIP,7.0,,6.0,137.46,-1.0,0.0,-2.0,-45.81999999999999
1042,TB34088,SEALING STRIP,8.0,,8.0,213.92,SEALING STRIP,7.0,,6.0,160.44,-1.0,0.0,-2.0,-53.47999999999999
1045,H145322A,CLAMP BLOCK,11.0,,11.0,0.11,,,,,,-11.0,0.0,-11.0,-0.11
1051,CT336D/32,"O'RING CORD, 3MM DIA",189.0,,174.0,2246.653026,"O'RING CORD, 3MM DIA",182.0,,160.0,2090.3736,-7.0,0.0,-14.0,-156.27942600000006
1087,RT33640,Sealing Strip,128.0,,128.0,736.88,Sealing Strip,126.0,,124.0,713.059024,-2.0,0.0,-4.0,-23.820975999999973
1107,F145821A,RT CT1 Locking Plate Type 3,401.0,,401.0,3160.69002,RT CT1 Locking Plate Type 3,445.0,,445.0,3516.21022,44.0,0.0,44.0,355.52019999999993
1110,RT33077,LOCATION DOWEL CT1 STATOR,69.0,,52.0,3660.664332,LOCATION DOWEL CT1 STATOR,60.0,,34.0,2266.814,-9.0,0.0,-18.0,-1393.850332
1111,RT35424B,RT PT INNER INTERDUCT BOLT,18.0,,11.0,1165.12,,,,,,-18.0,0.0,-11.0,-1165.12
1121,CT4010D/12,THERMOCOUPLE PROBE ASSY,3.0,,1.0,605.12,,,,,,-3.0,0.0,-1.0,-605.12
1122,D145749A,Seal Strip,294.0,,282.0,727.56,Seal Strip,292.0,,278.0,717.24,-2.0,0.0,-4.0,-10.319999999999936
1123,D145746A,Seal Strip,290.0,,290.0,1629.8,Seal Strip,289.0,,289.0,1624.18,-1.0,0.0,-1.0,-5.619999999999891
1129,H146040C,"BLADE, COMP ROTOR RT 12",244.0,,244.0,11343.40994,"BLADE, COMP ROTOR RT 12",243.0,,242.0,11237.523858,-1.0,0.0,-2.0,-105.88608199999908
1145,H146038C,"BLADE, COMP ROTOR RT11",303.0,,204.0,10110.834252,"BLADE, COMP ROTOR RT11",297.0,,192.0,9499.926528,-6.0,0.0,-12.0,-610.9077240000006
1146,64/51009011/1,RT IGNITER,6.0,,6.0,1870.279998,RT IGNITER,4.0,,3.0,1402.695,-2.0,0.0,-3.0,-467.58499800000004
1147,F245228A,COUPLING BOLT SET OF 12,14.0,,5.0,3251.67857,,,,,,-14.0,0.0,-5.0,-3251.67857
1154,H146016A,"Vane,stator RT CT1 A/C-Std",169.0,,63.0,81017.024571,,,,,,-169.0,0.0,-63.0,-81017.024571
1160,H146016A/B,"Vane,stator RT CT1 A/C-B/scope",10.0,,2.0,3169.84656,,,,,,-10.0,0.0,-2.0,-3169.84656
1203,251312240,THREAD INSERT-M12 X 24mm,131.0,,22.0,16.342128,THREAD INSERT-M12 X 24mm,121.0,,2.0,1.606776,-10.0,0.0,-20.0,-14.735351999999999
1211,RT33641/5,SEALING STRIP,109.0,,109.0,39.790014,SEALING STRIP,103.0,,103.0,1.03,-6.0,0.0,-6.0,-38.760014
1217,RT13048,OPERATING LEVER,286.0,,286.0,2.86,OPERATING LEVER,282.0,,282.0,2.82,-4.0,0.0,-4.0,-0.040000000000000036
1228,045151,1/8 NPT PLUG,46.0,,28.0,33.88,1/8 NPT PLUG,44.0,,24.0,30.34908,-2.0,0.0,-4.0,-3.530920000000002
1237,137104008,CHEESE Hd SCREW M4 X 8mm,164.0,,96.0,134.4,CHEESE Hd SCREW M4 X 8mm,164.0,,80.0,112.0,0.0,0.0,-16.0,-22.400000000000006
1262,RT31385/3,Locking Strip,110.0,,110.0,5809.1,Locking Strip,118.0,,118.0,6231.58,8.0,0.0,8.0,422.47999999999956
1274,H146005A,"Blade, Rotor RT CT2 Inc",108.0,,108.0,44651.992824,"Blade, Rotor RT CT2 Inc",108.0,,107.0,44238.548446,0.0,0.0,-1.0,-413.44437800000014
1276,271412025,DOWEL - 12MM DIA X 25MM,109.0,,13.0,132.363855,,,,,,-109.0,0.0,-13.0,-132.363855
1292,RT14016,CLAMPING BATTON (SHORT),16.0,,16.0,498.0,CLAMPING BATTON (SHORT),8.0,,4.0,0.04,-8.0,0.0,-12.0,-497.96
1317,RT14015,CLAMPING BATTON (LONG),4.0,,4.0,264.6,,,,,,-4.0,0.0,-4.0,-264.6
1352,H146062A,BLADE COMP ROTOR RT UPRATE 5,173.0,,40.0,3157.148,,,,,,-173.0,0.0,-40.0,-3157.148
1353,H146063A,"BLADE,COMP ROTOR RT 5 LOC",16.0,,4.0,437.14,,,,,,-16.0,0.0,-4.0,-437.14
1364,RT12111,INLET BEARING HOUSING COMP,1.0,,0.0,0.0,,,,,,-1.0,0.0,0.0,0.0
1382,RT33682,RUSTON PT STATOR SEGMENT STG 2,19.0,,19.0,55507.719993,RUSTON PT STATOR SEGMENT STG 2,19.0,,0.0,0.0,0.0,0.0,-19.0,-55507.719993
1384,RT33632,RUSTON PT STAT DIAPHRAGM STG2,5.0,,4.0,13050.44,RUSTON PT STAT DIAPHRAGM STG2,5.0,,3.0,9787.83,0.0,0.0,-1.0,-3262.6100000000006
1426,RT34015,OUTER SEAL RING (SET),18.0,,6.0,8898.24,OUTER SEAL RING (SET),16.0,,2.0,645.84,-2.0,0.0,-4.0,-8252.4
1435,RT35014A,OUTER INTERDUCT *S/S RT35014B*,2.0,,0.0,0.0,,,,,,-2.0,0.0,0.0,0.0
1483,KIT-RM33010,,,,,,,,3812.78,,,0.0,3812.78,0.0,0.0
1484,KIT-RM13001,,,,,,,,1870.09,,,0.0,1870.09,0.0,0.0
1495,KIT-RM33300,,,,,,,,9171.39,,,0.0,9171.39,0.0,0.0
1500,KIT1-RM11200,"KIT, HP ROTOR",8.0,,3.0,12634.65,,,,,,-8.0,0.0,-3.0,-12634.65
1515,KIT-RT33210,,,,,,,,5758.48,,,0.0,5758.48,0.0,0.0
1548,H146116B,VANE COMP EGV RT,194.0,,53.0,4675.528878,VANE COMP EGV RT,193.0,,52.0,4588.964952,-1.0,0.0,-1.0,-86.56392599999981
1553,KIT-RT14005,"KIT, AIR INLET FLEX JOINT ASSY",6.0,,4.0,264.913332,"KIT, AIR INLET FLEX JOINT ASSY",5.0,,2.0,130.388,-1.0,0.0,-2.0,-134.52533200000002
1579,231111008,PLAIN WASHER - M8,3.0,,1.0,1.51,,,,,,-3.0,0.0,-1.0,-1.51
1587,H146064B,"BLADE, COMP ROTOR RT 15",397.0,,327.0,21135.2853,"BLADE, COMP ROTOR RT 15",394.0,,321.0,20747.4819,-3.0,0.0,-6.0,-387.8034000000007
1612,RT34022,RETAINING PLATE,53.0,,28.0,460.6,RETAINING PLATE,50.0,,22.0,361.9,-3.0,0.0,-6.0,-98.70000000000005
1645,115420055,"BOLT, NICKLE PLATED M20X55MM",56.0,,56.0,591.36,,,,,,-56.0,0.0,-56.0,-591.36
1646,117320055,"SETSCREW, M20X5MM",48.0,,48.0,99.680016,,,,,,-48.0,0.0,-48.0,-99.680016
1647,211165020,"NUT, NICKLE PLATED M20",50.0,,24.0,24.9312,,,,,,-50.0,0.0,-24.0,-24.9312
1658,115412110,"BOLT, NICKLE PLATED M12X110MM",16.0,,12.0,100.47,,,,,,-16.0,0.0,-12.0,-100.47
1702,F245240A,ALUMINIUM WASHER - 1/2 BSP,1862.0,,1862.0,595.84,ALUMINIUM WASHER - 1/2 BSP,1828.0,,1828.0,584.96,-34.0,0.0,-34.0,-10.879999999999995
1720,F245037A,Capscrew M10 X 35mm,116.0,,35.0,43.75,,,,,,-116.0,0.0,-35.0,-43.75
1722,F245048A,Capscrew - M6 X 16mm,336.0,,168.0,11.9112,Capscrew - M6 X 16mm,320.0,,136.0,9.6424,-16.0,0.0,-32.0,-2.268799999999999
1726,F245011A,Setscrew M8 X 16mm,196.0,,154.0,14.457212,Setscrew M8 X 16mm,172.0,,106.0,10.6,-24.0,0.0,-48.0,-3.8572120000000005
1728,F245053A,Countersunk Screw M6x8mm,465.0,,235.0,329.0,Countersunk Screw M6x8mm,453.0,,211.0,295.4,-12.0,0.0,-24.0,-33.60000000000002
1738,F245094A,,,,,,Nickel Plated Stud -M12 X 45mm,203.0,,77.0,674.603468,203.0,0.0,77.0,674.603468
1739,F245095A,,,,,,NICKEL PLATED STUD - M12x50mm,233.0,,17.0,152.638835,233.0,0.0,17.0,152.638835
1740,F245096A,Nickel Plated Stud - M12x60mm,158.0,,130.0,1163.5,Nickel Plated Stud - M12x60mm,150.0,,114.0,1020.3,-8.0,0.0,-16.0,-143.20000000000005
1745,F245092A,Nickel Plated Stud -M12 X 80mm,67.0,,27.0,70.2,Nickel Plated Stud -M12 X 80mm,59.0,,9.0,23.4,-8.0,0.0,-18.0,-46.800000000000004
1746,F245018A,Setscrew - M16 X 80mm,55.0,,15.0,42.6,,,,,,-55.0,0.0,-15.0,-42.6
1750,F245033A,Capscrew M5x10mm,559.0,,350.0,87.5,Capscrew M5x10mm,493.0,,218.0,54.5,-66.0,0.0,-132.0,-33.0
1783,F245099A,Nickel Plated Stud -M16 X 80mm,33.0,,26.0,123.76,Nickel Plated Stud -M16 X 80mm,27.0,,14.0,66.64,-6.0,0.0,-12.0,-57.120000000000005
1789,F245114A,Spring Washer M8,566.0,,324.0,106.92,Spring Washer M8,548.0,,288.0,95.04,-18.0,0.0,-36.0,-11.879999999999995
1795,F245101A,Plain Washer - M8,1095.0,,570.0,23.34663,Plain Washer - M8,1055.0,,480.0,19.85952,-40.0,0.0,-90.0,-3.4871100000000013
1797,F245039A,Capscrew M6x10mm,174.0,,56.0,70.0322,Capscrew M6x10mm,150.0,,8.0,10.728536,-24.0,0.0,-48.0,-59.303664000000005
1799,F245103A,Plain Washer M16,569.0,,190.0,11.4,,,,,,-569.0,0.0,-190.0,-11.4
1806,D245080A,,,,,,Spiral Gasket 1/2 Nps Cl3/600,11.0,,1.0,6.700909,11.0,0.0,1.0,6.700909
1810,F245042A,CAPSCREW - M12 x 70MM,59.0,,36.0,94.631184,CAPSCREW - M12 x 70MM,59.0,,42.0,110.403048,0.0,0.0,6.0,15.771863999999994
1827,D245076A,IBC Gasket - 2 In NPS CL150,85.0,,19.0,40.85,IBC Gasket - 2 In NPS CL150,81.0,,6.0,12.9,-4.0,0.0,-13.0,-27.950000000000003
1841,J147321A,Filter Element Lub Oil,9.0,,9.0,921.96,Filter Element Lub Oil,8.0,,6.0,613.17,-1.0,0.0,-3.0,-308.7900000000001
1865,H146036B,"BLADE, COMP ROTOR RT 10",2.0,,0.0,0.0,,,,,,-2.0,0.0,0.0,0.0
2037,64/60020028/14,QUICK CONNECT PLUG & DUSTCAP,1.0,,1.0,0.0,,,,,,-1.0,0.0,-1.0,0.0
2038,64/60093008/1,ISOLATION CALIBRATION VALVE,1.0,,1.0,0.0,,,,,,-1.0,0.0,-1.0,0.0
2040,CT93573A/01,DC SURGE ARRESTOR,4.0,,4.0,994.44,,,,,,-4.0,0.0,-4.0,-994.44
2041,64/60070130/1,Drain Purge Valve Assembly,12.0,,12.0,44655.0,,,,,,-12.0,0.0,-12.0,-44655.0
2042,115408030,NICKEL PLATED BOLT - M8X30MM,72.0,,72.0,0.0,,,,,,-72.0,0.0,-72.0,0.0
2044,119416050,SETSCREW - M16 X 50MM,8.0,,8.0,64.88,,,,,,-8.0,0.0,-8.0,-64.88
2050,CT1063/4,FILTER COUPLING,2.0,,2.0,0.0,,,,,,-2.0,0.0,-2.0,0.0
2052,64/60020028/15,QUICK CONNECT PLUG & DUSTCAP,1.0,,1.0,0.0,,,,,,-1.0,0.0,-1.0,0.0
2053,RT22219J,GASKET,942.0,,96.0,450.24,,,,,,-942.0,0.0,-96.0,-450.24
2062,64/51004015/1,THERMOCOUPLE ASSEMBLY COMBUSTION AIR INTAKE,53.0,,34.0,5286.871684,THERMOCOUPLE ASSEMBLY COMBUSTION AIR INTAKE,50.0,,30.0,4721.814,-3.0,0.0,-4.0,-565.0576839999994
2064,354300245,O RING SEAL - 24.5MM I/D,8.0,,8.0,14.16,O RING SEAL - 24.5MM I/D,6.0,,4.0,7.08,-2.0,0.0,-4.0,-7.08
2068,RM34012,BACK PLATE,5.0,,1.0,700.0,BACK PLATE,5.0,,0.0,0.0,0.0,0.0,-1.0,-700.0
2078,036795,O RING SEAL - 15 IN I/D,42.0,,12.0,40.385712,O RING SEAL - 15 IN I/D,42.0,,10.0,33.65476,0.0,0.0,-2.0,-6.730951999999995
2083,CT450A/20,ROUND JOINT - 38MM I/D,231.0,,174.0,231.999942,ROUND JOINT - 38MM I/D,227.0,,166.0,221.138394,-4.0,0.0,-8.0,-10.861547999999999
2109,TA54638A,,,,,,JOINT,46.0,,18.0,255.60783,46.0,0.0,18.0,255.60783
2131,CT450A/48,ROUND JOINT - 57MM I/D,19.0,,13.0,33.8,ROUND JOINT - 57MM I/D,18.0,,11.0,28.6,-1.0,0.0,-2.0,-5.199999999999996
2139,RT13018,CAPTIVE NUT(STAGE 2),145.0,,145.0,1581.97001,CAPTIVE NUT(STAGE 2),144.0,,144.0,1558.71,-1.0,0.0,-1.0,-23.260009999999966
2265,036616,BONDED SEAL - 3/4 BSP,118.0,,1.0,1.069322,BONDED SEAL - 3/4 BSP,117.0,,0.0,0.0,-1.0,0.0,-1.0,-1.069322
2268,503677,BOLT,170.0,,170.0,6.8,BOLT,165.0,,163.0,6.52,-5.0,0.0,-7.0,-0.28000000000000025
2272,506814,O RING SEAL - 2.3/4 I/D,93.0,,23.0,23.912571,O RING SEAL - 2.3/4 I/D,89.0,,15.0,15.48708,-4.0,0.0,-8.0,-8.425491
2283,036719,O RING SEAL - 1 IN I/D,47.0,,16.0,19.2,O RING SEAL - 1 IN I/D,41.0,,7.0,8.4,-6.0,0.0,-9.0,-10.799999999999999
2290,036724,O RING SEAL - 1.5/16 I/D,53.0,,7.0,8.4,O RING SEAL - 1.5/16 I/D,51.0,,3.0,3.6,-2.0,0.0,-4.0,-4.800000000000001
2296,506857,O RING SEAL - 1.7/8 I/D,80.0,,32.0,34.84,O RING SEAL - 1.7/8 I/D,78.0,,28.0,30.18974,-2.0,0.0,-4.0,-4.650260000000003
2298,506880,O RING SEAL - 2.1/4 I/D,45.0,,24.0,33.6,O RING SEAL - 2.1/4 I/D,45.0,,20.0,28.0,0.0,0.0,-4.0,-5.600000000000001
2354,CT190D/8,TAPPED DOWEL  10MM NOM X 23.3,138.0,,43.0,1470.6,,,,,,-138.0,0.0,-43.0,-1470.6
2356,CT645A/32,DOWEL 3/32 DIA X 21/32,226.0,,34.0,69.471316,,,,,,-226.0,0.0,-34.0,-69.471316
2357,CT645A/33,DOWEL 3/32 DIA X 12/32,198.0,,17.0,32.655453,,,,,,-198.0,0.0,-17.0,-32.655453
2358,CT645A/34,DOWEL 3/32 DIA X 11/16,236.0,,70.0,130.15254,,,,,,-236.0,0.0,-70.0,-130.15254
2359,CT645A/35,DOWEL - 3/32 DIA X 19/32,211.0,,30.0,179.32179,,,,,,-211.0,0.0,-30.0,-179.32179
2360,CT645A/37,DOWEL 3/32 DIA X 1 IN,203.0,,50.0,101.13055,,,,,,-203.0,0.0,-50.0,-101.13055
2393,CT3009/101,,,,,,JOINT RING,26.0,,18.0,835.2,26.0,0.0,18.0,835.2
2398,CT3009/119,JOINT RING,13.0,,4.0,291.476924,JOINT RING,33.0,,14.0,1033.2,20.0,0.0,10.0,741.723076
2400,CT3009/58,COALESCER ELEMENT,5.0,,1.0,0.01,,,,,,-5.0,0.0,-1.0,-0.01
2409,CT450B/21,ROUND JOINT - 50.8MM I/D,52.0,,12.0,56.852304,ROUND JOINT - 50.8MM I/D,52.0,,10.0,47.37692,0.0,0.0,-2.0,-9.475383999999998
2491,CT336F/49,O RING SEAL - 1.5/16 I/D,66.0,,47.0,91.906385,O RING SEAL - 1.5/16 I/D,64.0,,43.0,81.619375,-2.0,0.0,-4.0,-10.287009999999995
2521,TB33052/15,SEALING STRIP,108.0,,91.0,104.077064,SEALING STRIP,107.0,,89.0,100.411936,-1.0,0.0,-2.0,-3.6651279999999957
2555,CT3009/125,JOINT RING,40.0,,5.0,477.0175,,,,,,-40.0,0.0,-5.0,-477.0175
2573,215512010,SELF LOCKING NUT M10,10.0,,3.0,0.75,,,,,,-10.0,0.0,-3.0,-0.75
2577,H245222A,Sealing Strip,349.0,,268.0,508.585744,Sealing Strip,348.0,,266.0,504.604926,-1.0,0.0,-2.0,-3.9808179999999993
2578,H245224A,Sealing Strip,368.0,,14.0,33.46,Sealing Strip,371.0,,20.0,47.8,3.0,0.0,6.0,14.339999999999996
2584,H245223A,Sealing Strip,216.0,,118.0,256.846706,Sealing Strip,214.0,,114.0,250.448424,-2.0,0.0,-4.0,-6.398281999999995
2593,039204,STRAIGHT COUPLING - 3/8 O/D,2.0,,2.0,0.02,,,,,,-2.0,0.0,-2.0,-0.02
2595,030514,O RING SEAL - 1 IN I/D,53.0,,31.0,42.47,O RING SEAL - 1 IN I/D,46.0,,21.0,28.77,-7.0,0.0,-10.0,-13.7
2596,030519,O RING SEAL - 1.5/16 I/D,92.0,,35.0,40.01032,O RING SEAL - 1.5/16 I/D,89.0,,31.0,36.116736,-3.0,0.0,-4.0,-3.893583999999997
2597,030527,O RING SEAL - 2.1/8 I/D,28.0,,6.0,9.3,,,,,,-28.0,0.0,-6.0,-9.3
2613,CT648/1,BALL BEARING - 1/4 I/D,11.0,,10.0,12.6,BALL BEARING - 1/4 I/D,12.0,,12.0,15.12,1.0,0.0,2.0,2.5199999999999996
2625,346321080,GASKET - 3 IN NPS CL150,77.0,,25.0,146.584425,GASKET - 3 IN NPS CL150,71.0,,10.0,58.72254,-6.0,0.0,-15.0,-87.861885
2632,CT1126B/2,JOINT - 2 IN SAE,25.0,,8.0,52.0576,,,,,,-25.0,0.0,-8.0,-52.0576
2634,239511017,EXTERNAL RETAINING RING 17mm,49.0,,48.0,431.882448,EXTERNAL RETAINING RING 17mm,49.0,,47.0,422.884897,0.0,0.0,-1.0,-8.997550999999987
2650,115616110,BOLT,25.0,,25.0,171.5,BOLT,21.0,,17.0,116.62,-4.0,0.0,-8.0,-54.879999999999995
2653,117308020,SETSCREW - M8 X 20MM,24.0,,23.0,0.46,SETSCREW - M8 X 20MM,24.0,,13.0,0.26,0.0,0.0,-10.0,-0.2
2657,118606012,SETSCREW M6 X 12MM,47.0,,47.0,145.23,SETSCREW M6 X 12MM,39.0,,31.0,95.79,-8.0,0.0,-16.0,-49.43999999999998
2668,273410025,DOWEL 10MM DIA X 25MM,36.0,,13.0,131.95,,,,,,-36.0,0.0,-13.0,-131.95
2675,119612045,SETSCREW,77.0,,54.0,356.94,SETSCREW,77.0,,18.0,118.98,0.0,0.0,-36.0,-237.95999999999998
2682,346321024,GASKET - 1 IN NPS CL150,6.0,,1.0,4.8,,,,,,-6.0,0.0,-1.0,-4.8
2698,354240116,O RING SEAL - 11.6MM I/D,92.0,,68.0,88.784336,,,,,,-92.0,0.0,-68.0,-88.784336
2700,354240216,O RING SEAL - 21.6MM I/D,72.0,,24.0,32.4,,,,,,-72.0,0.0,-24.0,-32.4
2701,354240276,O RING SEAL - 27.6MM I/D,8.0,,3.0,4.785,,,,,,-8.0,0.0,-3.0,-4.785
2705,RT13019,CAPTIVE NUT(STAGE 3 & 4),453.0,,453.0,1344.659832,CAPTIVE NUT(STAGE 3 & 4),452.0,,452.0,1321.900216,-1.0,0.0,-1.0,-22.75961600000005
2706,RT13047,BEARING,30.0,,19.0,430.35,BEARING,24.0,,5.0,113.25,-6.0,0.0,-14.0,-317.1
2707,A02-0214,BOLT SIMILAR TO RT34214,6.0,,6.0,120.0,BOLT SIMILAR TO RT34214,5.0,,4.0,80.0,-1.0,0.0,-2.0,-40.0
2715,354300445,O RING SEAL - 44.5MM I/D,18.0,,13.0,16.466671,O RING SEAL - 44.5MM I/D,13.0,,3.0,3.461538,-5.0,0.0,-10.0,-13.005133
2730,151212070,NICKLE PLATD CAPSCREW-M12X70MM,22.0,,8.0,12.8,,,,,,-22.0,0.0,-8.0,-12.8
2735,369112020,V RING SEAL - 20MM I/D,69.0,,55.0,174.063065,V RING SEAL - 20MM I/D,69.0,,53.0,167.733499,0.0,0.0,-2.0,-6.329566
2737,211117008,NUT - M8,91.0,,62.0,9.92,NUT - M8,67.0,,14.0,2.24,-24.0,0.0,-48.0,-7.68
2738,211137008,SLOTTED NUT - M8,348.0,,40.0,120.4,,,,,,-348.0,0.0,-40.0,-120.4
2755,156106010,GRUBSCREW M6 X 10MM,111.0,,65.0,70.33468,GRUBSCREW M6 X 10MM,107.0,,57.0,63.96255,-4.0,0.0,-8.0,-6.372130000000006
2757,157106010,GRUBSCREW - M6 X 10MM,209.0,,173.0,157.347306,GRUBSCREW - M6 X 10MM,204.0,,163.0,151.845747,-5.0,0.0,-10.0,-5.5015590000000145
2758,219551016,HELI-NUT - M16,582.0,,264.0,2441.71884,HELI-NUT - M16,542.0,,184.0,1720.93636,-40.0,0.0,-80.0,-720.7824800000001
2783,233211006,SPRING WASHER - M6,175.0,,12.0,0.12,,,,,,-175.0,0.0,-12.0,-0.12
2799,RT35433A/1,Shim - 0.05 mm,146.0,,50.0,904.63015,Shim - 0.05 mm,146.0,,42.0,759.889326,0.0,0.0,-8.0,-144.74082399999998
2811,RT35025,BUSH,17.0,,17.0,10776.540006,BUSH,13.0,,10.0,6782.43077,-4.0,0.0,-7.0,-3994.1092359999993
2827,CT336N/14,O RING SEAL - 246MM I/D,29.0,,3.0,248.777586,,,,,,-29.0,0.0,-3.0,-248.777586
2879,H245218A,SEAL STRIP,355.0,,138.0,448.5,SEAL STRIP,301.0,,30.0,97.5,-54.0,0.0,-108.0,-351.0
2880,H245217A,SEAL STRIP,333.0,,176.0,2575.429648,SEAL STRIP,275.0,,60.0,892.2,-58.0,0.0,-116.0,-1683.2296479999998
2888,3902/1247/1,LOCKING PLATE (ALSO ZZ),17.0,,17.0,1567.23,LOCKING PLATE (ALSO ZZ),17.0,,16.0,1475.04,0.0,0.0,-1.0,-92.19000000000005
2893,RM22012B/2,SHIM 0.25 MM,928.0,,95.0,1070.42067,,,,,,-928.0,0.0,-95.0,-1070.42067
2895,RM31082A/1,SEALING STRIP,439.0,,187.0,1458.6,SEALING STRIP,412.0,,133.0,1037.4,-27.0,0.0,-54.0,-421.1999999999998
2898,RM31383A/2,LOCKING STRIP,105.0,,20.0,610.84762,,,,,,-105.0,0.0,-20.0,-610.84762
2899,RM33314,DOWEL - STATOR SUPPORT,51.0,,9.0,526.891761,,,,,,-51.0,0.0,-9.0,-526.891761
2900,RM33324A,LOCATION PIN - ROTOR TIP SEAL,72.0,,12.0,573.54,,,,,,-72.0,0.0,-12.0,-573.54
2904,RM22012B/3,Shim 0.13mm,856.0,,572.0,6961.24,,,,,,-856.0,0.0,-572.0,-6961.24
2911,RM33334Z,Rotor Tip Seal - HP Borescope,1.0,,1.0,4528.22,Rotor Tip Seal - HP Borescope,1.0,,0.0,0.0,0.0,0.0,-1.0,-4528.22
2929,RM13094/1,"Shim, Stage 6 Stator Blade",142.0,,19.0,84.17,,,,,,-142.0,0.0,-19.0,-84.17
2931,RM13096/1,"Shim,Stage 10 Stator & EGV",556.0,,123.0,694.144719,"Shim,Stage 10 Stator & EGV",512.0,,35.0,169.498455,-44.0,0.0,-88.0,-524.646264
2938,RM34047/2,Cap Screw,59.0,,20.0,334.5017,Cap Screw,51.0,,12.0,203.157648,-8.0,0.0,-8.0,-131.34405200000003
2940,RM31082A/2,Sealing Strip,675.0,,200.0,1460.0,Sealing Strip,620.0,,29.0,211.7,-55.0,0.0,-171.0,-1248.3
2944,252408080,Thread Insert - M8 x 8mm,435.0,,100.0,174.0,,,,,,-435.0,0.0,-100.0,-174.0
2954,RM11281,Stage 1 Compressor Rotor Blade,31.0,,14.0,3161.36709,Stage 1 Compressor Rotor Blade,31.0,,0.0,0.0,0.0,0.0,-14.0,-3161.36709
2966,RM33313Z/01,BORESCOPE PLUG LP (DOWNSTREAM),20.0,,10.0,6205.0,BORESCOPE PLUG LP (DOWNSTREAM),16.0,,2.0,1241.0,-4.0,0.0,-8.0,-4964.0
2967,RM33315A/01,BORESCOPE PLUG LP (DOWNSTREAM),25.0,,10.0,3121.04,BORESCOPE PLUG LP (DOWNSTREAM),21.0,,2.0,582.195238,-4.0,0.0,-8.0,-2538.8447619999997
2972,RM33312B/01,BORESCOPE PLUG HP,22.0,,10.0,4372.81818,BORESCOPE PLUG HP,18.0,,2.0,883.3,-4.0,0.0,-8.0,-3489.51818
2973,RM33313B/01,BORESCOPE PLUG LP (UPSTREAM),23.0,,8.0,2963.714784,,,,,,-23.0,0.0,-8.0,-2963.714784
2976,RM11086A/1,,,,,,STG 6 COMP ROTOR BLADE,6.0,,0.0,0.0,6.0,0.0,0.0,0.0
2977,RM11084A/1,STG 4 COMP ROTOR BLADE,18.0,,0.0,0.0,,,,,,-18.0,0.0,0.0,0.0
3163,RM11088A/1,STG 8 COMP ROTOR BLADE,8.0,,0.0,0.0,STG 8 COMP ROTOR BLADE,7.0,,0.0,0.0,-1.0,0.0,0.0,0.0
3205,RT33639A,RADIAL PIN,19.0,,17.0,1066.58,,,,,,-19.0,0.0,-17.0,-1066.58
3209,64/04001041/8,HIGH PRESSURE FILTER,2.0,,2.0,1043.42,,,,,,-2.0,0.0,-2.0,-1043.42
3222,346321050,,,,,,GASKET - 2 IN NPS CL150,20.0,,2.0,8.32,20.0,0.0,2.0,8.32
3232,5199560,FIRE PUMP KIT,1.0,,1.0,208.33,,,,,,-1.0,0.0,-1.0,-208.33
3236,RM21034F,FLAME TUBE WITH IGNITOR PORT,2.0,,0.0,0.0,,,,,,-2.0,0.0,0.0,0.0
3255,RT54000A/02,BLOW OFF VALVE ASSEMBLY,7.0,,0.0,0.0,BLOW OFF VALVE ASSEMBLY,5.0,,0.0,0.0,-2.0,0.0,0.0,0.0
3270,RM22304/01,RM DLE DUAL MAIN FUEL BURNER,16.0,,16.0,38892.2696,RM DLE DUAL MAIN FUEL BURNER,8.0,,8.0,0.08,-8.0,0.0,-8.0,-38892.1896
3271,RM22326C/01,SGT-100 DLE PILOT BURNER,8.0,,8.0,22400.08,,,,,,-8.0,0.0,-8.0,-22400.08
3291,500706,SETSCREW 1/4 IN UNF X 7/8 IN,422.0,,261.0,83.52,SETSCREW 1/4 IN UNF X 7/8 IN,352.0,,121.0,38.72,-70.0,0.0,-140.0,-44.8
3300,RM21023P,FLAME TUBE ASSEMBLY - DLE,26.0,,0.0,0.0,FLAME TUBE ASSEMBLY - DLE,20.0,,0.0,0.0,-6.0,0.0,0.0,0.0
3304,RT04521,GAS FUEL PIPE UPPER,7.0,,5.0,125.0,GAS FUEL PIPE UPPER,7.0,,4.0,100.0,0.0,0.0,-1.0,-25.0
3360,TB14076C,JOINT,28.0,,1.0,36.572857,,,,,,-28.0,0.0,-1.0,-36.572857
3361,H245305A,TB5 END SEAL STRIP,92.0,,84.0,993.026076,TB5 END SEAL STRIP,91.0,,82.0,957.057178,-1.0,0.0,-2.0,-35.96889799999997
3389,H245257A,Sealing Strip,20.0,,20.0,199.4,,,,,,-20.0,0.0,-20.0,-199.4
3396,E1B101185219,Sqaure Joint 2 IN ID,54.0,,11.0,191.4,Sqaure Joint 2 IN ID,52.0,,1.0,17.4,-2.0,0.0,-10.0,-174.0
3405,F245338A,"STUD, 1/4 INS X 1.3/8 INS",155.0,,114.0,216.6,"STUD, 1/4 INS X 1.3/8 INS",153.0,,110.0,209.0,-2.0,0.0,-4.0,-7.599999999999994
3416,F245640A-1,TB Burner Copper Washer 0.100 Thick,79.0,,55.0,133.1,TB Burner Copper Washer 0.100 Thick,77.0,,51.0,123.42,-2.0,0.0,-4.0,-9.679999999999993
3420,H245584A/3,TB5 COMPRESSOR 15 THOU SHIM,1344.0,,238.0,470.021678,TB5 COMPRESSOR 15 THOU SHIM,1234.0,,18.0,35.571726,-110.0,0.0,-220.0,-434.449952
3434,F245788A,STUD - 5/8 INS X 2.5 INS LG,98.0,,92.0,805.0,STUD - 5/8 INS X 2.5 INS LG,86.0,,44.0,385.0,-12.0,0.0,-48.0,-420.0
3448,D245492A,CT1 STATOR BLADE SEALING STRIP,653.0,,1.0,1.99,,,,,,-653.0,0.0,-1.0,-1.99
3457,H146018B,,,,,,,,72756.5,,,0.0,72756.5,0.0,0.0
3461,H245426A,RETAINER BLOCK,134.0,,92.0,1459.161216,RETAINER BLOCK,133.0,,90.0,1429.40979,-1.0,0.0,-2.0,-29.751426000000038
3465,64/51009011/2,RT IGNITER ASSEMBLY,8.0,,8.0,14095.68,,,,,,-8.0,0.0,-8.0,-14095.68
3467,F245704A,AKZ 1.5 End Plate,92.0,,70.0,28.42,AKZ 1.5 End Plate,70.0,,26.0,10.556,-22.0,0.0,-44.0,-17.864000000000004
3475,RT22219H,"Gasket,Supergraph Lam EQUIV",3.0,,3.0,0.03,,,,,,-3.0,0.0,-3.0,-0.03
3489,F245302A,LOCKING WASHER RT PT IN BRKT,59.0,,53.0,263.499835,LOCKING WASHER RT PT IN BRKT,52.0,,35.0,169.4,-7.0,0.0,-18.0,-94.09983500000001
3496,F245408A,DOWEL,76.0,,52.0,924.368432,DOWEL,76.0,,46.0,817.710536,0.0,0.0,-6.0,-106.65789599999994
3514,F245509A,"DOWEL, 14MM x 35MM O/S",106.0,,47.0,328.157525,"DOWEL, 14MM x 35MM O/S",105.0,,43.0,300.520851,-1.0,0.0,-4.0,-27.636674000000028
3526,RT13383B/4,RT VGV 4 UPRATE,44.0,,15.0,801.109095,RT VGV 4 UPRATE,44.0,,0.0,0.0,0.0,0.0,-15.0,-801.109095
3562,RT33641/6,SEAL STRIP RT PT STATOR,37.0,,32.0,537.92,SEAL STRIP RT PT STATOR,38.0,,35.0,588.35,1.0,0.0,3.0,50.430000000000064
3576,H245321A,SHIM - 0.5MM,345.0,,286.0,1018.11853,SHIM - 0.5MM,343.0,,282.0,1006.000032,-2.0,0.0,-4.0,-12.118497999999931
3580,H245308A,SHIM - 0.5 MM,323.0,,272.0,692.783184,SHIM - 0.5 MM,317.0,,254.0,648.797788,-6.0,0.0,-18.0,-43.98539600000004
3585,H245313A,RT LP BRIDGE SHIM,276.0,,227.0,483.51,RT LP BRIDGE SHIM,376.0,,327.0,1030.467579,100.0,0.0,100.0,546.9575789999999
3587,H245403A,,,,,,RETAINING PLATE (SET OF 6),36.0,,4.0,255.386668,36.0,0.0,4.0,255.386668
3589,H245310A,SHIM - 0.15 MM,283.0,,192.0,412.928832,SHIM - 0.15 MM,277.0,,178.0,383.091956,-6.0,0.0,-14.0,-29.836876000000018
3590,H245320A,SHIM - 0.15 MM,314.0,,182.0,749.283626,SHIM - 0.15 MM,314.0,,180.0,741.04974,0.0,0.0,-2.0,-8.233885999999984
3629,E1B100651388,GASKET,96.0,,84.0,1159.2,GASKET,94.0,,74.0,1021.2,-2.0,0.0,-10.0,-138.0
3644,E1B101364851,,,,,,Thermocouple,1.0,,1.0,0.0,1.0,0.0,1.0,0.0
3677,H247085A,MAIN GAS BURNER PIPE CLAMPS,104.0,,44.0,121.846164,MAIN GAS BURNER PIPE CLAMPS,96.0,,28.0,79.333324,-8.0,0.0,-16.0,-42.51284
3678,H247086A,PILOT GAS BURNER PIPE CLAMPS,63.0,,2.0,6.539682,,,,,,-63.0,0.0,-2.0,-6.539682
3682,RM33120/01,Inner Carrier Assy HP Nozzle,4.0,,1.0,19211.09,,,,,,-4.0,0.0,-1.0,-19211.09
3702,367452112,ROD END,2.0,,2.0,0.0,,,,,,-2.0,0.0,-2.0,0.0
3713,L247090A,Masking Tape 50mm x 50M long,9.0,,4.0,10.44,Masking Tape 50mm x 50M long,9.0,,3.0,7.83,0.0,0.0,-1.0,-2.6099999999999994
3757,F245642A,"DOWEL, TAPERED GUIDE 1 X 2 3/4",109.0,,57.0,459.906324,"DOWEL, TAPERED GUIDE 1 X 2 3/4",107.0,,53.0,420.93395,-2.0,0.0,-4.0,-38.972374
3766,L245484A,ANTI SEIZE PASTE 200G,22.0,,19.0,614.468645,ANTI SEIZE PASTE 200G,21.0,,14.0,451.740002,-1.0,0.0,-5.0,-162.72864300000003
3801,F245504A,"STUD, 1/4 INS X 1/2 IN",83.0,,29.0,73.08,"STUD, 1/4 INS X 1/2 IN",77.0,,17.0,42.84,-6.0,0.0,-12.0,-30.239999999999995
3803,F245468A,SETSCREW 3/8 IN UNF X 3/4 IN,272.0,,244.0,69.97066,SETSCREW 3/8 IN UNF X 3/4 IN,270.0,,240.0,68.88888,-2.0,0.0,-4.0,-1.0817799999999949
3808,F245480A,,,,,,"BOLT, 3/8 INS UNF X 1.3/8 INS",58.0,,20.0,64.2,58.0,0.0,20.0,64.2
3813,F245617A,STUD 2BA x 5/8,54.0,,3.0,10.782222,,,,,,-54.0,0.0,-3.0,-10.782222
3817,F245546A,NICKEL PLATED STUD -M12 x 35MM,184.0,,152.0,583.05224,NICKEL PLATED STUD -M12 x 35MM,160.0,,80.0,308.5,-24.0,0.0,-72.0,-274.55224
3830,F245500A,,,,,,"WASHER, COPPER 1/4 INS BSP",505.0,,329.0,213.85,505.0,0.0,329.0,213.85
3838,B247073A,Needle Roller Bearing,25.0,,2.0,9.876,,,,,,-25.0,0.0,-2.0,-9.876
3848,E247226A-3,Thermocouple,36.0,,21.0,1993.95,,,,,,-36.0,0.0,-21.0,-1993.95
3850,J247058A,Pressure Sensor incl' Cable,1.0,,1.0,1574.15,,,,,,-1.0,0.0,-1.0,-1574.15
3892,F245357A,FLAT WASHER - 1/4,439.0,,127.0,3.882263,FLAT WASHER - 1/4,385.0,,19.0,0.555693,-54.0,0.0,-108.0,-3.3265700000000002
3950,L247083A,Loctite 574 Multi Gasket(50ml),13.0,,12.0,328.92,,,,,,-13.0,0.0,-12.0,-328.92
3975,F245337A,Heli Nut - M20,464.0,,328.0,1295.6,Heli Nut - M20,440.0,,280.0,1106.0,-24.0,0.0,-48.0,-189.5999999999999
3982,F245449A,C/SUNK SCREW - 1/4 UNF X 5/8Lg,196.0,,189.0,28.35,C/SUNK SCREW - 1/4 UNF X 5/8Lg,192.0,,178.0,26.7,-4.0,0.0,-11.0,-1.6500000000000021
3987,64/07010024/41,STRAIGHT CONNECTOR 3/8x20MM,2.0,,2.0,37.76,,,,,,-2.0,0.0,-2.0,-37.76
4068,RM22130B/01,SGT-100 DLE PILOT BURNER,8.0,,8.0,3240.08,SGT-100 DLE PILOT BURNER,8.0,70.0,8.0,3240.08,0.0,70.0,0.0,0.0
4071,RT22212G,SGT-200 DUAL FUEL BURNER,16.0,,8.0,0.08,SGT-200 DUAL FUEL BURNER,16.0,,0.0,0.0,0.0,0.0,-8.0,-0.08
4075,RT22100E/01,SGT-200 GAS BURNER,6.0,,0.0,0.0,,,,,,-6.0,0.0,0.0,0.0
4077,SS-1210-2-12,ELBOW 3/4* TUBE TO 3/4* NPT,2.0,,2.0,72.18,,,,,,-2.0,0.0,-2.0,-72.18
4110,64/51009008/2,IGNITER HEAD / CABLE ASSY,4.0,,3.0,14648.0925,,,,,,-4.0,0.0,-3.0,-14648.0925
4112,RM33336A,STRIP SEALING - HP TIP SEAL,84.0,,80.0,2075.2,STRIP SEALING - HP TIP SEAL,72.0,,56.0,1452.64,-12.0,0.0,-24.0,-622.5599999999997
4124,115412070,NICKEL PLATED BOLT - M12x70MM,7.0,,7.0,0.07,NICKEL PLATED BOLT - M12x70MM,5.0,,3.0,0.03,-2.0,0.0,-4.0,-0.04000000000000001
4125,RM23106,,,,,,IGNITER BODY,3.0,,2.0,1905.753334,3.0,0.0,2.0,1905.753334
4135,RM83031E,FLEXIBLE JOINT - AXIAL EXHAUST,1.0,,1.0,5631.6,,,,,,-1.0,0.0,-1.0,-5631.6
4141,RM11089C/1,STAGE 9 BLADE,63.0,,13.0,7514.369369,STAGE 9 BLADE,50.0,,0.0,0.0,-13.0,0.0,-13.0,-7514.369369
4154,RM31383A/3,LOCKING STRIP,142.0,,73.0,2711.95,LOCKING STRIP,137.0,,63.0,2340.45,-5.0,0.0,-10.0,-371.5
4163,RM33366A,SEAL STIP OUTER - LP NOZZLE,107.0,,44.0,2549.8,,,,,,-107.0,0.0,-44.0,-2549.8
4166,RM12012,FITTING BOLT,12.0,,11.0,871.97,FITTING BOLT,13.0,,13.0,1032.59,1.0,0.0,2.0,160.6199999999999
4176,RM35612,SPECIAL STUD,32.0,,5.0,214.35,,,,,,-32.0,0.0,-5.0,-214.35
4182,64/04001038/1,LAST CHANCE FILTER,6.0,,2.0,2876.96,,,,,,-6.0,0.0,-2.0,-2876.96
4195,RT33066A,SEAL STRIP,304.0,,37.0,634.958961,,,,,,-304.0,0.0,-37.0,-634.958961
4196,RT11013D,COMPRESSOR TENSION BOLT,1.0,,0.0,0.0,,,17695.26,,,-1.0,17695.26,0.0,0.0
4200,RM33367A,SEAL STRIP OUT - LP NOZZLE,116.0,,24.0,339.84,,,,,,-116.0,0.0,-24.0,-339.84
4207,RM13093/1,,,,,,STATOR BLADE SHIM - STAGE 4,323.0,,128.0,330.8384,323.0,0.0,128.0,330.8384
4214,RT33641A/3,SEAL STRIP PT STAT,222.0,,222.0,1745.459904,SEAL STRIP PT STAT,215.0,,215.0,1690.99994,-7.0,0.0,-7.0,-54.45996400000013
4215,RT33641A/1,SEAL STRIP PT STAT,194.0,,175.0,1242.06705,SEAL STRIP PT STAT,231.0,,231.0,1644.060033,37.0,0.0,56.0,401.99298299999987
4217,RT33641A/5,SEAL STRIP PT STAT,41.0,,19.0,118.18,SEAL STRIP PT STAT,38.0,,13.0,80.86,-3.0,0.0,-6.0,-37.32000000000001
4228,RT34028C,COVER BLOW-OFF VALVE APERTURE,2.0,,0.0,0.0,,,,,,-2.0,0.0,0.0,0.0
4235,RU33024A,LOCATION  DOWEL,23.0,,5.0,218.0,,,,,,-23.0,0.0,-5.0,-218.0
4236,RT33072A,SEAL STRIP,170.0,,2.0,33.2,,,,,,-170.0,0.0,-2.0,-33.2
4244,TB14115A,,,,,,JOINT,30.0,,2.0,66.74,30.0,0.0,2.0,66.74
4251,RT33073B/4,,,,,,SEAL STRIP,61.0,,5.0,0.05,61.0,0.0,5.0,0.05
4275,346321030,GASKET - 1.1/4 NPS CL150,12.0,,3.0,15.714999,,,,,,-12.0,0.0,-3.0,-15.714999
4294,64/07211009/4,CABLE GLAND - M20,40.0,,30.0,666.6,CABLE GLAND - M20,38.0,,26.0,577.72,-2.0,0.0,-4.0,-88.88
4295,151510055,CAPSCREW - M10 x 55MM,9.0,,9.0,9.9,,,,,,-9.0,0.0,-9.0,-9.9
4309,M08/33074,SEAL RETAINING CLIP,67.0,,32.0,1438.299712,SEAL RETAINING CLIP,55.0,,8.0,398.370912,-12.0,0.0,-24.0,-1039.9288000000001
4314,157106006,NICKEL PLATED GRUBSCREW M6x6MM,85.0,,12.0,5.76,,,,,,-85.0,0.0,-12.0,-5.76
4340,CT190D/6,TAPPED DOWEL 10MM NOMx30.5,125.0,,27.0,1715.58,,,,,,-125.0,0.0,-27.0,-1715.58
4345,A147473A,Battery 3.6V 150mAh,1.0,,1.0,5.96,,,,,,-1.0,0.0,-1.0,-5.96
4353,CT92469B/01,FREQUENCY INPUT MODULE,1.0,,1.0,0.01,,,,,,-1.0,0.0,-1.0,-0.01
4368,RT13381B,,,,,,COMPRESSOR STATOR BLADE STG 1,4.0,,4.0,3239.544,4.0,0.0,4.0,3239.544
4375,RT07011D,FLEXIBLE COUPLING,4.0,,2.0,4839.06,,,,,,-4.0,0.0,-2.0,-4839.06
4379,192406030,NICKEL PLATED STUD - M6 x 30MM,2.0,,2.0,0.0,,,,,,-2.0,0.0,-2.0,0.0
4380,041318,STUDBOLT 5/8 UNC x 3.1/2,32.0,,32.0,0.0,,,,,,-32.0,0.0,-32.0,0.0
4383,64/09001204/4,CONTROLNET REDUNDANT ADAPTER,3.0,,3.0,9259.53,,,,,,-3.0,0.0,-3.0,-9259.53
4389,H146006A,,,,,,,,33312.18,,,0.0,33312.18,0.0,0.0
4391,BORESCOPE HIRE,,,,,,,,11.43,,,0.0,11.43,0.0,0.0
4393,LT850412,,,,,,,,346695.4500000001,,,0.0,346695.4500000001,0.0,0.0
4394,LT850423,,,,,,,,140514.01,,,0.0,140514.01,0.0,0.0
4395,LT851047,,,,,,,,75639.62,,,0.0,75639.62,0.0,0.0
4396,LT850672,,,,,,,,712662.9999999999,,,0.0,712662.9999999999,0.0,0.0
4397,July COGS,,,,,,,,1275512.08,,,0.0,1275512.08,0.0,0.0
4398,LT849240,,,,,,,,205881.21,,,0.0,205881.21,0.0,0.0
4399,LT849251,,,,,,,,60715.64,,,0.0,60715.64,0.0,0.0
4400,August COGS,,,,,,,,266596.85,,,0.0,266596.85,0.0,0.0
4401,LT850257,,,,,,,,782389.7899999999,,,0.0,782389.7899999999,0.0,0.0
4403,LT851077,,,,,,,,650242.13,,,0.0,650242.13,0.0,0.0
4404,LT848768,,,,,,,,2093978.03,,,0.0,2093978.03,0.0,0.0
4405,LT851046,,,,,,,,484636.69,,,0.0,484636.69,0.0,0.0
4406,September COGS,,,,,,,,4011246.64,,,0.0,4011246.64,0.0,0.0
4410,022716,,,,,,SETSCREW - 3/8 UNF X 1.1/4,200.0,,65.0,73.45,200.0,0.0,65.0,73.45
4412,RM33026F,,,,,,TRANSITION DUCT,14.0,,8.0,5714.262856,14.0,0.0,8.0,5714.262856
4416,64/05011021/6,,,,,,FLEXMASTER - 3 INCH,15.0,,7.0,3972.71,15.0,0.0,7.0,3972.71
4420,H245323A,,,,,,"SHIM, BLADE 0.010 INS",1000.0,,400.0,878.0,1000.0,0.0,400.0,878.0
4421,E1B101171080,,,,,,Joint,20.0,,20.0,0.0,20.0,0.0,20.0,0.0
4424,RT31310B/809,,,,,,RT CT1 UPRATE BLADE SET,1.0,,1.0,0.0,1.0,0.0,1.0,0.0
4426,J245813A,,,,,,Filter,1.0,,1.0,0.0,1.0,0.0,1.0,0.0
4434,211166008,,,,,,ZINC PLATED NUT - M8,16.0,,16.0,16.48,16.0,0.0,16.0,16.48
